{
    "neutral": {
        "precision": 0.8782608695652174,
        "recall": 0.8487394957983193,
        "f1-score": 0.8632478632478633,
        "support": 119.0
    },
    "calm": {
        "precision": 0.84251968503937,
        "recall": 0.8492063492063492,
        "f1-score": 0.8458498023715415,
        "support": 126.0
    },
    "happy": {
        "precision": 0.8928571428571429,
        "recall": 0.8741258741258742,
        "f1-score": 0.8833922261484098,
        "support": 143.0
    },
    "sad": {
        "precision": 0.8080808080808081,
        "recall": 0.851063829787234,
        "f1-score": 0.8290155440414507,
        "support": 94.0
    },
    "angry": {
        "precision": 0.9375,
        "recall": 0.8888888888888888,
        "f1-score": 0.9125475285171103,
        "support": 135.0
    },
    "fearful": {
        "precision": 0.8695652173913043,
        "recall": 0.8571428571428571,
        "f1-score": 0.8633093525179856,
        "support": 140.0
    },
    "disgust": {
        "precision": 0.8869565217391304,
        "recall": 0.918918918918919,
        "f1-score": 0.9026548672566371,
        "support": 111.0
    },
    "surprised": {
        "precision": 0.8623188405797102,
        "recall": 0.9015151515151515,
        "f1-score": 0.8814814814814815,
        "support": 132.0
    },
    "accuracy": 0.874,
    "macro avg": {
        "precision": 0.8722573856565854,
        "recall": 0.8737001706729491,
        "f1-score": 0.87268733319781,
        "support": 1000.0
    },
    "weighted avg": {
        "precision": 0.8748885824857368,
        "recall": 0.874,
        "f1-score": 0.8741635918277991,
        "support": 1000.0
    }
}