{
    "angry": {
        "precision": 0.868421052631579,
        "recall": 0.8571428571428571,
        "f1-score": 0.8627450980392157,
        "support": 154.0
    },
    "disgust": {
        "precision": 0.8380281690140845,
        "recall": 0.8623188405797102,
        "f1-score": 0.85,
        "support": 138.0
    },
    "fear": {
        "precision": 0.896551724137931,
        "recall": 0.935251798561151,
        "f1-score": 0.9154929577464789,
        "support": 139.0
    },
    "happy": {
        "precision": 0.8857142857142857,
        "recall": 0.8493150684931506,
        "f1-score": 0.8671328671328671,
        "support": 146.0
    },
    "sad": {
        "precision": 0.8732394366197183,
        "recall": 0.9051094890510949,
        "f1-score": 0.8888888888888888,
        "support": 137.0
    },
    "surprise": {
        "precision": 0.9307692307692308,
        "recall": 0.8897058823529411,
        "f1-score": 0.9097744360902256,
        "support": 136.0
    },
    "neutral": {
        "precision": 0.8926174496644296,
        "recall": 0.8866666666666667,
        "f1-score": 0.8896321070234113,
        "support": 150.0
    },
    "accuracy": 0.883,
    "macro avg": {
        "precision": 0.8836201926501799,
        "recall": 0.8836443718353674,
        "f1-score": 0.8833809078458696,
        "support": 1000.0
    },
    "weighted avg": {
        "precision": 0.8834307404498462,
        "recall": 0.883,
        "f1-score": 0.8829695819657585,
        "support": 1000.0
    }
}