{
    "joy": {
        "precision": 0.8757763975155279,
        "recall": 0.8867924528301887,
        "f1-score": 0.88125,
        "support": 159.0
    },
    "sadness": {
        "precision": 0.9212121212121213,
        "recall": 0.9156626506024096,
        "f1-score": 0.918429003021148,
        "support": 166.0
    },
    "anger": {
        "precision": 0.9534883720930233,
        "recall": 0.9213483146067416,
        "f1-score": 0.9371428571428572,
        "support": 178.0
    },
    "fear": {
        "precision": 0.925,
        "recall": 0.896969696969697,
        "f1-score": 0.9107692307692308,
        "support": 165.0
    },
    "love": {
        "precision": 0.9116022099447514,
        "recall": 0.9322033898305084,
        "f1-score": 0.9217877094972067,
        "support": 177.0
    },
    "surprise": {
        "precision": 0.8695652173913043,
        "recall": 0.9032258064516129,
        "f1-score": 0.8860759493670886,
        "support": 155.0
    },
    "accuracy": 0.91,
    "macro avg": {
        "precision": 0.9094407196927881,
        "recall": 0.9093670518818597,
        "f1-score": 0.9092424582995887,
        "support": 1000.0
    },
    "weighted avg": {
        "precision": 0.9106517894146123,
        "recall": 0.91,
        "f1-score": 0.9101645128827666,
        "support": 1000.0
    }
}